#;Name;Type 2;HP;Attack;Defense;Sp. Atk;Sp. Def;Speed;Generation;Legendary;Total
1;Bulbasaur;Poison;45;49;49;65;65;45;1;False;143
2;Ivysaur;Poison;60;62;63;80;80;60;1;False;185
3;Venusaur;Poison;80;82;83;100;100;80;1;False;245
3;VenusaurMega Venusaur;Poison;80;100;123;122;120;80;1;False;303
4;Charmander;;39;52;43;60;50;65;1;False;134
5;Charmeleon;;58;64;58;80;65;80;1;False;180
6;Charizard;Flying;78;84;78;109;85;100;1;False;240
6;CharizardMega Charizard X;Dragon;78;130;111;130;85;100;1;False;319
6;CharizardMega Charizard Y;Flying;78;104;78;159;115;100;1;False;260
7;Squirtle;;44;48;65;50;64;43;1;False;157
8;Wartortle;;59;63;80;65;80;58;1;False;202
9;Blastoise;;79;83;100;85;105;78;1;False;262
9;BlastoiseMega Blastoise;;79;103;120;135;115;78;1;False;302
10;Caterpie;;45;30;35;20;20;45;1;False;110
11;Metapod;;50;20;55;25;25;30;1;False;125
12;Butterfree;Flying;60;45;50;90;80;70;1;False;155
13;Weedle;Poison;40;35;30;20;20;50;1;False;105
14;Kakuna;Poison;45;25;50;25;25;35;1;False;120
15;Beedrill;Poison;65;90;40;45;80;75;1;False;195
15;BeedrillMega Beedrill;Poison;65;150;40;15;80;145;1;False;255
16;Pidgey;Flying;40;45;40;35;35;56;1;False;125
17;Pidgeotto;Flying;63;60;55;50;50;71;1;False;178
18;Pidgeot;Flying;83;80;75;70;70;101;1;False;238
18;PidgeotMega Pidgeot;Flying;83;80;80;135;80;121;1;False;243
19;Rattata;;30;56;35;25;35;72;1;False;121
20;Raticate;;55;81;60;50;70;97;1;False;196
21;Spearow;Flying;40;60;30;31;31;70;1;False;130
22;Fearow;Flying;65;90;65;61;61;100;1;False;220
23;Ekans;;35;60;44;40;54;55;1;False;139
24;Arbok;;60;85;69;65;79;80;1;False;214
25;Pikachu;;35;55;40;50;50;90;1;False;130
26;Raichu;;60;90;55;90;80;110;1;False;205
27;Sandshrew;;50;75;85;20;30;40;1;False;210
28;Sandslash;;75;100;110;45;55;65;1;False;285
29;Nidoran (Female);;55;47;52;40;40;41;1;False;154
30;Nidorina;;70;62;67;55;55;56;1;False;199
31;Nidoqueen;Ground;90;92;87;75;85;76;1;False;269
32;Nidoran (Male);;46;57;40;40;40;50;1;False;143
33;Nidorino;;61;72;57;55;55;65;1;False;190
34;Nidoking;Ground;81;102;77;85;75;85;1;False;260
35;Clefairy;;70;45;48;60;65;35;1;False;163
36;Clefable;;95;70;73;95;90;60;1;False;238
37;Vulpix;;38;41;40;50;65;65;1;False;119
38;Ninetales;;73;76;75;81;100;100;1;False;224
39;Jigglypuff;Fairy;115;45;20;45;25;20;1;False;180
40;Wigglytuff;Fairy;140;70;45;85;50;45;1;False;255
41;Zubat;Flying;40;45;35;30;40;55;1;False;120
42;Golbat;Flying;75;80;70;65;75;90;1;False;225
43;Oddish;Poison;45;50;55;75;65;30;1;False;150
44;Gloom;Poison;60;65;70;85;75;40;1;False;195
45;Vileplume;Poison;75;80;85;110;90;50;1;False;240
46;Paras;Grass;35;70;55;45;55;25;1;False;160
47;Parasect;Grass;60;95;80;60;80;30;1;False;235
48;Venonat;Poison;60;55;50;40;55;45;1;False;165
49;Venomoth;Poison;70;65;60;90;75;90;1;False;195
50;Diglett;;10;55;25;35;45;95;1;False;90
51;Dugtrio;;35;80;50;50;70;120;1;False;165
52;Meowth;;40;45;35;40;40;90;1;False;120
53;Persian;;65;70;60;65;65;115;1;False;195
54;Psyduck;;50;52;48;65;50;55;1;False;150
55;Golduck;;80;82;78;95;80;85;1;False;240
56;Mankey;;40;80;35;35;45;70;1;False;155
57;Primeape;;65;105;60;60;70;95;1;False;230
58;Growlithe;;55;70;45;70;50;60;1;False;170
59;Arcanine;;90;110;80;100;80;95;1;False;280
60;Poliwag;;40;50;40;40;40;90;1;False;130
61;Poliwhirl;;65;65;65;50;50;90;1;False;195
62;Poliwrath;Fighting;90;95;95;70;90;70;1;False;280
63;Abra;;25;20;15;105;55;90;1;False;60
64;Kadabra;;40;35;30;120;70;105;1;False;105
65;Alakazam;;55;50;45;135;95;120;1;False;150
65;AlakazamMega Alakazam;;55;50;65;175;95;150;1;False;170
66;Machop;;70;80;50;35;35;35;1;False;200
67;Machoke;;80;100;70;50;60;45;1;False;250
68;Machamp;;90;130;80;65;85;55;1;False;300
69;Bellsprout;Poison;50;75;35;70;30;40;1;False;160
70;Weepinbell;Poison;65;90;50;85;45;55;1;False;205
71;Victreebel;Poison;80;105;65;100;70;70;1;False;250
72;Tentacool;Poison;40;40;35;50;100;70;1;False;115
73;Tentacruel;Poison;80;70;65;80;120;100;1;False;215
74;Geodude;Ground;40;80;100;30;30;20;1;False;220
75;Graveler;Ground;55;95;115;45;45;35;1;False;265
76;Golem;Ground;80;120;130;55;65;45;1;False;330
77;Ponyta;;50;85;55;65;65;90;1;False;190
78;Rapidash;;65;100;70;80;80;105;1;False;235
79;Slowpoke;Psychic;90;65;65;40;40;15;1;False;220
80;Slowbro;Psychic;95;75;110;100;80;30;1;False;280
80;SlowbroMega Slowbro;Psychic;95;75;180;130;80;30;1;False;350
81;Magnemite;Steel;25;35;70;95;55;45;1;False;130
82;Magneton;Steel;50;60;95;120;70;70;1;False;205
83;Farfetch'd;Flying;52;65;55;58;62;60;1;False;172
84;Doduo;Flying;35;85;45;35;35;75;1;False;165
85;Dodrio;Flying;60;110;70;60;60;100;1;False;240
86;Seel;;65;45;55;45;70;45;1;False;165
87;Dewgong;Ice;90;70;80;70;95;70;1;False;240
88;Grimer;;80;80;50;40;50;25;1;False;210
89;Muk;;105;105;75;65;100;50;1;False;285
90;Shellder;;30;65;100;45;25;40;1;False;195
91;Cloyster;Ice;50;95;180;85;45;70;1;False;325
92;Gastly;Poison;30;35;30;100;35;80;1;False;95
93;Haunter;Poison;45;50;45;115;55;95;1;False;140
94;Gengar;Poison;60;65;60;130;75;110;1;False;185
94;GengarMega Gengar;Poison;60;65;80;170;95;130;1;False;205
95;Onix;Ground;35;45;160;30;45;70;1;False;240
96;Drowzee;;60;48;45;43;90;42;1;False;153
97;Hypno;;85;73;70;73;115;67;1;False;228
98;Krabby;;30;105;90;25;25;50;1;False;225
99;Kingler;;55;130;115;50;50;75;1;False;300
100;Voltorb;;40;30;50;55;55;100;1;False;120
101;Electrode;;60;50;70;80;80;140;1;False;180
102;Exeggcute;Psychic;60;40;80;60;45;40;1;False;180
103;Exeggutor;Psychic;95;95;85;125;65;55;1;False;275
104;Cubone;;50;50;95;40;50;35;1;False;195
105;Marowak;;60;80;110;50;80;45;1;False;250
106;Hitmonlee;;50;120;53;35;110;87;1;False;223
107;Hitmonchan;;50;105;79;35;110;76;1;False;234
108;Lickitung;;90;55;75;60;75;30;1;False;220
109;Koffing;;40;65;95;60;45;35;1;False;200
110;Weezing;;65;90;120;85;70;60;1;False;275
111;Rhyhorn;Rock;80;85;95;30;30;25;1;False;260
112;Rhydon;Rock;105;130;120;45;45;40;1;False;355
113;Chansey;;250;5;5;35;105;50;1;False;260
114;Tangela;;65;55;115;100;40;60;1;False;235
115;Kangaskhan;;105;95;80;40;80;90;1;False;280
115;KangaskhanMega Kangaskhan;;105;125;100;60;100;100;1;False;330
116;Horsea;;30;40;70;70;25;60;1;False;140
117;Seadra;;55;65;95;95;45;85;1;False;215
118;Goldeen;;45;67;60;35;50;63;1;False;172
119;Seaking;;80;92;65;65;80;68;1;False;237
120;Staryu;;30;45;55;70;55;85;1;False;130
121;Starmie;Psychic;60;75;85;100;85;115;1;False;220
122;Mr. Mime;Fairy;40;45;65;100;120;90;1;False;150
123;Scyther;Flying;70;110;80;55;80;105;1;False;260
124;Jynx;Psychic;65;50;35;115;95;95;1;False;150
125;Electabuzz;;65;83;57;95;85;105;1;False;205
126;Magmar;;65;95;57;100;85;93;1;False;217
127;Pinsir;;65;125;100;55;70;85;1;False;290
127;PinsirMega Pinsir;Flying;65;155;120;65;90;105;1;False;340
128;Tauros;;75;100;95;40;70;110;1;False;270
129;Magikarp;;20;10;55;15;20;80;1;False;85
130;Gyarados;Flying;95;125;79;60;100;81;1;False;299
130;GyaradosMega Gyarados;Dark;95;155;109;70;130;81;1;False;359
131;Lapras;Ice;130;85;80;85;95;60;1;False;295
132;Ditto;;48;48;48;48;48;48;1;False;144
133;Eevee;;55;55;50;45;65;55;1;False;160
134;Vaporeon;;130;65;60;110;95;65;1;False;255
135;Jolteon;;65;65;60;110;95;130;1;False;190
136;Flareon;;65;130;60;95;110;65;1;False;255
137;Porygon;;65;60;70;85;75;40;1;False;195
138;Omanyte;Water;35;40;100;90;55;35;1;False;175
139;Omastar;Water;70;60;125;115;70;55;1;False;255
140;Kabuto;Water;30;80;90;55;45;55;1;False;200
141;Kabutops;Water;60;115;105;65;70;80;1;False;280
142;Aerodactyl;Flying;80;105;65;60;75;130;1;False;250
142;AerodactylMega Aerodactyl;Flying;80;135;85;70;95;150;1;False;300
143;Snorlax;;160;110;65;65;110;30;1;False;335
144;Articuno;Flying;90;85;100;95;125;85;1;True;275
145;Zapdos;Flying;90;90;85;125;90;100;1;True;265
146;Moltres;Flying;90;100;90;125;85;90;1;True;280
147;Dratini;;41;64;45;50;50;50;1;False;150
148;Dragonair;;61;84;65;70;70;70;1;False;210
149;Dragonite;Flying;91;134;95;100;100;80;1;False;320
150;Mewtwo;;106;110;90;154;90;130;1;True;306
150;MewtwoMega Mewtwo X;Fighting;106;190;100;154;100;130;1;True;396
150;MewtwoMega Mewtwo Y;;106;150;70;194;120;140;1;True;326
151;Mew;;100;100;100;100;100;100;1;False;300
152;Chikorita;;45;49;65;49;65;45;2;False;159
153;Bayleef;;60;62;80;63;80;60;2;False;202
154;Meganium;;80;82;100;83;100;80;2;False;262
155;Cyndaquil;;39;52;43;60;50;65;2;False;134
156;Quilava;;58;64;58;80;65;80;2;False;180
157;Typhlosion;;78;84;78;109;85;100;2;False;240
158;Totodile;;50;65;64;44;48;43;2;False;179
159;Croconaw;;65;80;80;59;63;58;2;False;225
160;Feraligatr;;85;105;100;79;83;78;2;False;290
161;Sentret;;35;46;34;35;45;20;2;False;115
162;Furret;;85;76;64;45;55;90;2;False;225
163;Hoothoot;Flying;60;30;30;36;56;50;2;False;120
164;Noctowl;Flying;100;50;50;76;96;70;2;False;200
165;Ledyba;Flying;40;20;30;40;80;55;2;False;90
166;Ledian;Flying;55;35;50;55;110;85;2;False;140
167;Spinarak;Poison;40;60;40;40;40;30;2;False;140
168;Ariados;Poison;70;90;70;60;60;40;2;False;230
169;Crobat;Flying;85;90;80;70;80;130;2;False;255
170;Chinchou;Electric;75;38;38;56;56;67;2;False;151
171;Lanturn;Electric;125;58;58;76;76;67;2;False;241
172;Pichu;;20;40;15;35;35;60;2;False;75
173;Cleffa;;50;25;28;45;55;15;2;False;103
174;Igglybuff;Fairy;90;30;15;40;20;15;2;False;135
175;Togepi;;35;20;65;40;65;20;2;False;120
176;Togetic;Flying;55;40;85;80;105;40;2;False;180
177;Natu;Flying;40;50;45;70;45;70;2;False;135
178;Xatu;Flying;65;75;70;95;70;95;2;False;210
179;Mareep;;55;40;40;65;45;35;2;False;135
180;Flaaffy;;70;55;55;80;60;45;2;False;180
181;Ampharos;;90;75;85;115;90;55;2;False;250
181;AmpharosMega Ampharos;Dragon;90;95;105;165;110;45;2;False;290
182;Bellossom;;75;80;95;90;100;50;2;False;250
183;Marill;Fairy;70;20;50;20;50;40;2;False;140
184;Azumarill;Fairy;100;50;80;60;80;50;2;False;230
185;Sudowoodo;;70;100;115;30;65;30;2;False;285
186;Politoed;;90;75;75;90;100;70;2;False;240
187;Hoppip;Flying;35;35;40;35;55;50;2;False;110
188;Skiploom;Flying;55;45;50;45;65;80;2;False;150
189;Jumpluff;Flying;75;55;70;55;95;110;2;False;200
190;Aipom;;55;70;55;40;55;85;2;False;180
191;Sunkern;;30;30;30;30;30;30;2;False;90
192;Sunflora;;75;75;55;105;85;30;2;False;205
193;Yanma;Flying;65;65;45;75;45;95;2;False;175
194;Wooper;Ground;55;45;45;25;25;15;2;False;145
195;Quagsire;Ground;95;85;85;65;65;35;2;False;265
196;Espeon;;65;65;60;130;95;110;2;False;190
197;Umbreon;;95;65;110;60;130;65;2;False;270
198;Murkrow;Flying;60;85;42;85;42;91;2;False;187
199;Slowking;Psychic;95;75;80;100;110;30;2;False;250
200;Misdreavus;;60;60;60;85;85;85;2;False;180
201;Unown;;48;72;48;72;48;48;2;False;168
202;Wobbuffet;;190;33;58;33;58;33;2;False;281
203;Girafarig;Psychic;70;80;65;90;65;85;2;False;215
204;Pineco;;50;65;90;35;35;15;2;False;205
205;Forretress;Steel;75;90;140;60;60;40;2;False;305
206;Dunsparce;;100;70;70;65;65;45;2;False;240
207;Gligar;Flying;65;75;105;35;65;85;2;False;245
208;Steelix;Ground;75;85;200;55;65;30;2;False;360
208;SteelixMega Steelix;Ground;75;125;230;55;95;30;2;False;430
209;Snubbull;;60;80;50;40;40;30;2;False;190
210;Granbull;;90;120;75;60;60;45;2;False;285
211;Qwilfish;Poison;65;95;75;55;55;85;2;False;235
212;Scizor;Steel;70;130;100;55;80;65;2;False;300
212;ScizorMega Scizor;Steel;70;150;140;65;100;75;2;False;360
213;Shuckle;Rock;20;10;230;10;230;5;2;False;260
214;Heracross;Fighting;80;125;75;40;95;85;2;False;280
214;HeracrossMega Heracross;Fighting;80;185;115;40;105;75;2;False;380
215;Sneasel;Ice;55;95;55;35;75;115;2;False;205
216;Teddiursa;;60;80;50;50;50;40;2;False;190
217;Ursaring;;90;130;75;75;75;55;2;False;295
218;Slugma;;40;40;40;70;40;20;2;False;120
219;Magcargo;Rock;50;50;120;80;80;30;2;False;220
220;Swinub;Ground;50;50;40;30;30;50;2;False;140
221;Piloswine;Ground;100;100;80;60;60;50;2;False;280
222;Corsola;Rock;55;55;85;65;85;35;2;False;195
223;Remoraid;;35;65;35;65;35;65;2;False;135
224;Octillery;;75;105;75;105;75;45;2;False;255
225;Delibird;Flying;45;55;45;65;45;75;2;False;145
226;Mantine;Flying;65;40;70;80;140;70;2;False;175
227;Skarmory;Flying;65;80;140;40;70;70;2;False;285
228;Houndour;Fire;45;60;30;80;50;65;2;False;135
229;Houndoom;Fire;75;90;50;110;80;95;2;False;215
229;HoundoomMega Houndoom;Fire;75;90;90;140;90;115;2;False;255
230;Kingdra;Dragon;75;95;95;95;95;85;2;False;265
231;Phanpy;;90;60;60;40;40;40;2;False;210
232;Donphan;;90;120;120;60;60;50;2;False;330
233;Porygon2;;85;80;90;105;95;60;2;False;255
234;Stantler;;73;95;62;85;65;85;2;False;230
235;Smeargle;;55;20;35;20;45;75;2;False;110
236;Tyrogue;;35;35;35;35;35;35;2;False;105
237;Hitmontop;;50;95;95;35;110;70;2;False;240
238;Smoochum;Psychic;45;30;15;85;65;65;2;False;90
239;Elekid;;45;63;37;65;55;95;2;False;145
240;Magby;;45;75;37;70;55;83;2;False;157
241;Miltank;;95;80;105;40;70;100;2;False;280
242;Blissey;;255;10;10;75;135;55;2;False;275
243;Raikou;;90;85;75;115;100;115;2;True;250
244;Entei;;115;115;85;90;75;100;2;True;315
245;Suicune;;100;75;115;90;115;85;2;True;290
246;Larvitar;Ground;50;64;50;45;50;41;2;False;164
247;Pupitar;Ground;70;84;70;65;70;51;2;False;224
248;Tyranitar;Dark;100;134;110;95;100;61;2;False;344
248;TyranitarMega Tyranitar;Dark;100;164;150;95;120;71;2;False;414
249;Lugia;Flying;106;90;130;90;154;110;2;True;326
250;Ho-oh;Flying;106;130;90;110;154;90;2;True;326
251;Celebi;Grass;100;100;100;100;100;100;2;False;300
252;Treecko;;40;45;35;65;55;70;3;False;120
253;Grovyle;;50;65;45;85;65;95;3;False;160
254;Sceptile;;70;85;65;105;85;120;3;False;220
254;SceptileMega Sceptile;Dragon;70;110;75;145;85;145;3;False;255
255;Torchic;;45;60;40;70;50;45;3;False;145
256;Combusken;Fighting;60;85;60;85;60;55;3;False;205
257;Blaziken;Fighting;80;120;70;110;70;80;3;False;270
257;BlazikenMega Blaziken;Fighting;80;160;80;130;80;100;3;False;320
258;Mudkip;;50;70;50;50;50;40;3;False;170
259;Marshtomp;Ground;70;85;70;60;70;50;3;False;225
260;Swampert;Ground;100;110;90;85;90;60;3;False;300
260;SwampertMega Swampert;Ground;100;150;110;95;110;70;3;False;360
261;Poochyena;;35;55;35;30;30;35;3;False;125
262;Mightyena;;70;90;70;60;60;70;3;False;230
263;Zigzagoon;;38;30;41;30;41;60;3;False;109
264;Linoone;;78;70;61;50;61;100;3;False;209
265;Wurmple;;45;45;35;20;30;20;3;False;125
266;Silcoon;;50;35;55;25;25;15;3;False;140
267;Beautifly;Flying;60;70;50;100;50;65;3;False;180
268;Cascoon;;50;35;55;25;25;15;3;False;140
269;Dustox;Poison;60;50;70;50;90;65;3;False;180
270;Lotad;Grass;40;30;30;40;50;30;3;False;100
271;Lombre;Grass;60;50;50;60;70;50;3;False;160
272;Ludicolo;Grass;80;70;70;90;100;70;3;False;220
273;Seedot;;40;40;50;30;30;30;3;False;130
274;Nuzleaf;Dark;70;70;40;60;40;60;3;False;180
275;Shiftry;Dark;90;100;60;90;60;80;3;False;250
276;Taillow;Flying;40;55;30;30;30;85;3;False;125
277;Swellow;Flying;60;85;60;50;50;125;3;False;205
278;Wingull;Flying;40;30;30;55;30;85;3;False;100
279;Pelipper;Flying;60;50;100;85;70;65;3;False;210
280;Ralts;Fairy;28;25;25;45;35;40;3;False;78
281;Kirlia;Fairy;38;35;35;65;55;50;3;False;108
282;Gardevoir;Fairy;68;65;65;125;115;80;3;False;198
282;GardevoirMega Gardevoir;Fairy;68;85;65;165;135;100;3;False;218
283;Surskit;Water;40;30;32;50;52;65;3;False;102
284;Masquerain;Flying;70;60;62;80;82;60;3;False;192
285;Shroomish;;60;40;60;40;60;35;3;False;160
286;Breloom;Fighting;60;130;80;60;60;70;3;False;270
287;Slakoth;;60;60;60;35;35;30;3;False;180
288;Vigoroth;;80;80;80;55;55;90;3;False;240
289;Slaking;;150;160;100;95;65;100;3;False;410
290;Nincada;Ground;31;45;90;30;30;40;3;False;166
291;Ninjask;Flying;61;90;45;50;50;160;3;False;196
292;Shedinja;Ghost;1;90;45;30;30;40;3;False;136
293;Whismur;;64;51;23;51;23;28;3;False;138
294;Loudred;;84;71;43;71;43;48;3;False;198
295;Exploud;;104;91;63;91;73;68;3;False;258
296;Makuhita;;72;60;30;20;30;25;3;False;162
297;Hariyama;;144;120;60;40;60;50;3;False;324
298;Azurill;Fairy;50;20;40;20;40;20;3;False;110
299;Nosepass;;30;45;135;45;90;30;3;False;210
300;Skitty;;50;45;45;35;35;50;3;False;140
301;Delcatty;;70;65;65;55;55;70;3;False;200
302;Sableye;Ghost;50;75;75;65;65;50;3;False;200
302;SableyeMega Sableye;Ghost;50;85;125;85;115;20;3;False;260
303;Mawile;Fairy;50;85;85;55;55;50;3;False;220
303;MawileMega Mawile;Fairy;50;105;125;55;95;50;3;False;280
304;Aron;Rock;50;70;100;40;40;30;3;False;220
305;Lairon;Rock;60;90;140;50;50;40;3;False;290
306;Aggron;Rock;70;110;180;60;60;50;3;False;360
306;AggronMega Aggron;;70;140;230;60;80;50;3;False;440
307;Meditite;Psychic;30;40;55;40;55;60;3;False;125
308;Medicham;Psychic;60;60;75;60;75;80;3;False;195
308;MedichamMega Medicham;Psychic;60;100;85;80;85;100;3;False;245
309;Electrike;;40;45;40;65;40;65;3;False;125
310;Manectric;;70;75;60;105;60;105;3;False;205
310;ManectricMega Manectric;;70;75;80;135;80;135;3;False;225
311;Plusle;;60;50;40;85;75;95;3;False;150
312;Minun;;60;40;50;75;85;95;3;False;150
313;Volbeat;;65;73;55;47;75;85;3;False;193
314;Illumise;;65;47;55;73;75;85;3;False;167
315;Roselia;Poison;50;60;45;100;80;65;3;False;155
316;Gulpin;;70;43;53;43;53;40;3;False;166
317;Swalot;;100;73;83;73;83;55;3;False;256
318;Carvanha;Dark;45;90;20;65;20;65;3;False;155
319;Sharpedo;Dark;70;120;40;95;40;95;3;False;230
319;SharpedoMega Sharpedo;Dark;70;140;70;110;65;105;3;False;280
320;Wailmer;;130;70;35;70;35;60;3;False;235
321;Wailord;;170;90;45;90;45;60;3;False;305
322;Numel;Ground;60;60;40;65;45;35;3;False;160
323;Camerupt;Ground;70;100;70;105;75;40;3;False;240
323;CameruptMega Camerupt;Ground;70;120;100;145;105;20;3;False;290
324;Torkoal;;70;85;140;85;70;20;3;False;295
325;Spoink;;60;25;35;70;80;60;3;False;120
326;Grumpig;;80;45;65;90;110;80;3;False;190
327;Spinda;;60;60;60;60;60;60;3;False;180
328;Trapinch;;45;100;45;45;45;10;3;False;190
329;Vibrava;Dragon;50;70;50;50;50;70;3;False;170
330;Flygon;Dragon;80;100;80;80;80;100;3;False;260
331;Cacnea;;50;85;40;85;40;35;3;False;175
332;Cacturne;Dark;70;115;60;115;60;55;3;False;245
333;Swablu;Flying;45;40;60;40;75;50;3;False;145
334;Altaria;Flying;75;70;90;70;105;80;3;False;235
334;AltariaMega Altaria;Fairy;75;110;110;110;105;80;3;False;295
335;Zangoose;;73;115;60;60;60;90;3;False;248
336;Seviper;;73;100;60;100;60;65;3;False;233
337;Lunatone;Psychic;70;55;65;95;85;70;3;False;190
338;Solrock;Psychic;70;95;85;55;65;70;3;False;250
339;Barboach;Ground;50;48;43;46;41;60;3;False;141
340;Whiscash;Ground;110;78;73;76;71;60;3;False;261
341;Corphish;;43;80;65;50;35;35;3;False;188
342;Crawdaunt;Dark;63;120;85;90;55;55;3;False;268
343;Baltoy;Psychic;40;40;55;40;70;55;3;False;135
344;Claydol;Psychic;60;70;105;70;120;75;3;False;235
345;Lileep;Grass;66;41;77;61;87;23;3;False;184
346;Cradily;Grass;86;81;97;81;107;43;3;False;264
347;Anorith;Bug;45;95;50;40;50;75;3;False;190
348;Armaldo;Bug;75;125;100;70;80;45;3;False;300
349;Feebas;;20;15;20;10;55;80;3;False;55
350;Milotic;;95;60;79;100;125;81;3;False;234
351;Castform;;70;70;70;70;70;70;3;False;210
352;Kecleon;;60;90;70;60;120;40;3;False;220
353;Shuppet;;44;75;35;63;33;45;3;False;154
354;Banette;;64;115;65;83;63;65;3;False;244
354;BanetteMega Banette;;64;165;75;93;83;75;3;False;304
355;Duskull;;20;40;90;30;90;25;3;False;150
356;Dusclops;;40;70;130;60;130;25;3;False;240
357;Tropius;Flying;99;68;83;72;87;51;3;False;250
358;Chimecho;;65;50;70;95;80;65;3;False;185
359;Absol;;65;130;60;75;60;75;3;False;255
359;AbsolMega Absol;;65;150;60;115;60;115;3;False;275
360;Wynaut;;95;23;48;23;48;23;3;False;166
361;Snorunt;;50;50;50;50;50;50;3;False;150
362;Glalie;;80;80;80;80;80;80;3;False;240
362;GlalieMega Glalie;;80;120;80;120;80;100;3;False;280
363;Spheal;Water;70;40;50;55;50;25;3;False;160
364;Sealeo;Water;90;60;70;75;70;45;3;False;220
365;Walrein;Water;110;80;90;95;90;65;3;False;280
366;Clamperl;;35;64;85;74;55;32;3;False;184
367;Huntail;;55;104;105;94;75;52;3;False;264
368;Gorebyss;;55;84;105;114;75;52;3;False;244
369;Relicanth;Rock;100;90;130;45;65;55;3;False;320
370;Luvdisc;;43;30;55;40;65;97;3;False;128
371;Bagon;;45;75;60;40;30;50;3;False;180
372;Shelgon;;65;95;100;60;50;50;3;False;260
373;Salamence;Flying;95;135;80;110;80;100;3;False;310
373;SalamenceMega Salamence;Flying;95;145;130;120;90;120;3;False;370
374;Beldum;Psychic;40;55;80;35;60;30;3;False;175
375;Metang;Psychic;60;75;100;55;80;50;3;False;235
376;Metagross;Psychic;80;135;130;95;90;70;3;False;345
376;MetagrossMega Metagross;Psychic;80;145;150;105;110;110;3;False;375
377;Regirock;;80;100;200;50;100;50;3;True;380
378;Regice;;80;50;100;100;200;50;3;True;230
379;Registeel;;80;75;150;75;150;50;3;True;305
380;Latias;Psychic;80;80;90;110;130;110;3;True;250
380;LatiasMega Latias;Psychic;80;100;120;140;150;110;3;True;300
381;Latios;Psychic;80;90;80;130;110;110;3;True;250
381;LatiosMega Latios;Psychic;80;130;100;160;120;110;3;True;310
382;Kyogre;;100;100;90;150;140;90;3;True;290
382;KyogrePrimal Kyogre;;100;150;90;180;160;90;3;True;340
383;Groudon;;100;150;140;100;90;90;3;True;390
383;GroudonPrimal Groudon;Fire;100;180;160;150;90;90;3;True;440
384;Rayquaza;Flying;105;150;90;150;90;95;3;True;345
384;RayquazaMega Rayquaza;Flying;105;180;100;180;100;115;3;True;385
385;Jirachi;Psychic;100;100;100;100;100;100;3;True;300
386;DeoxysNormal Forme;;50;150;50;150;50;150;3;True;250
386;DeoxysAttack Forme;;50;180;20;180;20;150;3;True;250
386;DeoxysDefense Forme;;50;70;160;70;160;90;3;True;280
386;DeoxysSpeed Forme;;50;95;90;95;90;180;3;True;235
387;Turtwig;;55;68;64;45;55;31;4;False;187
388;Grotle;;75;89;85;55;65;36;4;False;249
389;Torterra;Ground;95;109;105;75;85;56;4;False;309
390;Chimchar;;44;58;44;58;44;61;4;False;146
391;Monferno;Fighting;64;78;52;78;52;81;4;False;194
392;Infernape;Fighting;76;104;71;104;71;108;4;False;251
393;Piplup;;53;51;53;61;56;40;4;False;157
394;Prinplup;;64;66;68;81;76;50;4;False;198
395;Empoleon;Steel;84;86;88;111;101;60;4;False;258
396;Starly;Flying;40;55;30;30;30;60;4;False;125
397;Staravia;Flying;55;75;50;40;40;80;4;False;180
398;Staraptor;Flying;85;120;70;50;60;100;4;False;275
399;Bidoof;;59;45;40;35;40;31;4;False;144
400;Bibarel;Water;79;85;60;55;60;71;4;False;224
401;Kricketot;;37;25;41;25;41;25;4;False;103
402;Kricketune;;77;85;51;55;51;65;4;False;213
403;Shinx;;45;65;34;40;34;45;4;False;144
404;Luxio;;60;85;49;60;49;60;4;False;194
405;Luxray;;80;120;79;95;79;70;4;False;279
406;Budew;Poison;40;30;35;50;70;55;4;False;105
407;Roserade;Poison;60;70;65;125;105;90;4;False;195
408;Cranidos;;67;125;40;30;30;58;4;False;232
409;Rampardos;;97;165;60;65;50;58;4;False;322
410;Shieldon;Steel;30;42;118;42;88;30;4;False;190
411;Bastiodon;Steel;60;52;168;47;138;30;4;False;280
412;Burmy;;40;29;45;29;45;36;4;False;114
413;WormadamPlant Cloak;Grass;60;59;85;79;105;36;4;False;204
413;WormadamSandy Cloak;Ground;60;79;105;59;85;36;4;False;244
413;WormadamTrash Cloak;Steel;60;69;95;69;95;36;4;False;224
414;Mothim;Flying;70;94;50;94;50;66;4;False;214
415;Combee;Flying;30;30;42;30;42;70;4;False;102
416;Vespiquen;Flying;70;80;102;80;102;40;4;False;252
417;Pachirisu;;60;45;70;45;90;95;4;False;175
418;Buizel;;55;65;35;60;30;85;4;False;155
419;Floatzel;;85;105;55;85;50;115;4;False;245
420;Cherubi;;45;35;45;62;53;35;4;False;125
421;Cherrim;;70;60;70;87;78;85;4;False;200
422;Shellos;;76;48;48;57;62;34;4;False;172
423;Gastrodon;Ground;111;83;68;92;82;39;4;False;262
424;Ambipom;;75;100;66;60;66;115;4;False;241
425;Drifloon;Flying;90;50;34;60;44;70;4;False;174
426;Drifblim;Flying;150;80;44;90;54;80;4;False;274
427;Buneary;;55;66;44;44;56;85;4;False;165
428;Lopunny;;65;76;84;54;96;105;4;False;225
428;LopunnyMega Lopunny;Fighting;65;136;94;54;96;135;4;False;295
429;Mismagius;;60;60;60;105;105;105;4;False;180
430;Honchkrow;Flying;100;125;52;105;52;71;4;False;277
431;Glameow;;49;55;42;42;37;85;4;False;146
432;Purugly;;71;82;64;64;59;112;4;False;217
433;Chingling;;45;30;50;65;50;45;4;False;125
434;Stunky;Dark;63;63;47;41;41;74;4;False;173
435;Skuntank;Dark;103;93;67;71;61;84;4;False;263
436;Bronzor;Psychic;57;24;86;24;86;23;4;False;167
437;Bronzong;Psychic;67;89;116;79;116;33;4;False;272
438;Bonsly;;50;80;95;10;45;10;4;False;225
439;Mime Jr.;Fairy;20;25;45;70;90;60;4;False;90
440;Happiny;;100;5;5;15;65;30;4;False;110
441;Chatot;Flying;76;65;45;92;42;91;4;False;186
442;Spiritomb;Dark;50;92;108;92;108;35;4;False;250
443;Gible;Ground;58;70;45;40;45;42;4;False;173
444;Gabite;Ground;68;90;65;50;55;82;4;False;223
445;Garchomp;Ground;108;130;95;80;85;102;4;False;333
445;GarchompMega Garchomp;Ground;108;170;115;120;95;92;4;False;393
446;Munchlax;;135;85;40;40;85;5;4;False;260
447;Riolu;;40;70;40;35;40;60;4;False;150
448;Lucario;Steel;70;110;70;115;70;90;4;False;250
448;LucarioMega Lucario;Steel;70;145;88;140;70;112;4;False;303
449;Hippopotas;;68;72;78;38;42;32;4;False;218
450;Hippowdon;;108;112;118;68;72;47;4;False;338
451;Skorupi;Bug;40;50;90;30;55;65;4;False;180
452;Drapion;Dark;70;90;110;60;75;95;4;False;270
453;Croagunk;Fighting;48;61;40;61;40;50;4;False;149
454;Toxicroak;Fighting;83;106;65;86;65;85;4;False;254
455;Carnivine;;74;100;72;90;72;46;4;False;246
456;Finneon;;49;49;56;49;61;66;4;False;154
457;Lumineon;;69;69;76;69;86;91;4;False;214
458;Mantyke;Flying;45;20;50;60;120;50;4;False;115
459;Snover;Ice;60;62;50;62;60;40;4;False;172
460;Abomasnow;Ice;90;92;75;92;85;60;4;False;257
460;AbomasnowMega Abomasnow;Ice;90;132;105;132;105;30;4;False;327
461;Weavile;Ice;70;120;65;45;85;125;4;False;255
462;Magnezone;Steel;70;70;115;130;90;60;4;False;255
463;Lickilicky;;110;85;95;80;95;50;4;False;290
464;Rhyperior;Rock;115;140;130;55;55;40;4;False;385
465;Tangrowth;;100;100;125;110;50;50;4;False;325
466;Electivire;;75;123;67;95;85;95;4;False;265
467;Magmortar;;75;95;67;125;95;83;4;False;237
468;Togekiss;Flying;85;50;95;120;115;80;4;False;230
469;Yanmega;Flying;86;76;86;116;56;95;4;False;248
470;Leafeon;;65;110;130;60;65;95;4;False;305
471;Glaceon;;65;60;110;130;95;65;4;False;235
472;Gliscor;Flying;75;95;125;45;75;95;4;False;295
473;Mamoswine;Ground;110;130;80;70;60;80;4;False;320
474;Porygon-Z;;85;80;70;135;75;90;4;False;235
475;Gallade;Fighting;68;125;65;65;115;80;4;False;258
475;GalladeMega Gallade;Fighting;68;165;95;65;115;110;4;False;328
476;Probopass;Steel;60;55;145;75;150;40;4;False;260
477;Dusknoir;;45;100;135;65;135;45;4;False;280
478;Froslass;Ghost;70;80;70;80;70;110;4;False;220
479;Rotom;Ghost;50;50;77;95;77;91;4;False;177
479;RotomHeat Rotom;Fire;50;65;107;105;107;86;4;False;222
479;RotomWash Rotom;Water;50;65;107;105;107;86;4;False;222
479;RotomFrost Rotom;Ice;50;65;107;105;107;86;4;False;222
479;RotomFan Rotom;Flying;50;65;107;105;107;86;4;False;222
479;RotomMow Rotom;Grass;50;65;107;105;107;86;4;False;222
480;Uxie;;75;75;130;75;130;95;4;True;280
481;Mesprit;;80;105;105;105;105;80;4;True;290
482;Azelf;;75;125;70;125;70;115;4;True;270
483;Dialga;Dragon;100;120;120;150;100;90;4;True;340
484;Palkia;Dragon;90;120;100;150;120;100;4;True;310
485;Heatran;Steel;91;90;106;130;106;77;4;True;287
486;Regigigas;;110;160;110;80;110;100;4;True;380
487;GiratinaAltered Forme;Dragon;150;100;120;100;120;90;4;True;370
487;GiratinaOrigin Forme;Dragon;150;120;100;120;100;90;4;True;370
488;Cresselia;;120;70;120;75;130;85;4;False;310
489;Phione;;80;80;80;80;80;80;4;False;240
490;Manaphy;;100;100;100;100;100;100;4;False;300
491;Darkrai;;70;90;90;135;90;125;4;True;250
492;ShayminLand Forme;;100;100;100;100;100;100;4;True;300
492;ShayminSky Forme;Flying;100;103;75;120;75;127;4;True;278
493;Arceus;;120;120;120;120;120;120;4;True;360
494;Victini;Fire;100;100;100;100;100;100;5;True;300
495;Snivy;;45;45;55;45;55;63;5;False;145
496;Servine;;60;60;75;60;75;83;5;False;195
497;Serperior;;75;75;95;75;95;113;5;False;245
498;Tepig;;65;63;45;45;45;45;5;False;173
499;Pignite;Fighting;90;93;55;70;55;55;5;False;238
500;Emboar;Fighting;110;123;65;100;65;65;5;False;298
501;Oshawott;;55;55;45;63;45;45;5;False;155
502;Dewott;;75;75;60;83;60;60;5;False;210
503;Samurott;;95;100;85;108;70;70;5;False;280
504;Patrat;;45;55;39;35;39;42;5;False;139
505;Watchog;;60;85;69;60;69;77;5;False;214
506;Lillipup;;45;60;45;25;45;55;5;False;150
507;Herdier;;65;80;65;35;65;60;5;False;210
508;Stoutland;;85;110;90;45;90;80;5;False;285
509;Purrloin;;41;50;37;50;37;66;5;False;128
510;Liepard;;64;88;50;88;50;106;5;False;202
511;Pansage;;50;53;48;53;48;64;5;False;151
512;Simisage;;75;98;63;98;63;101;5;False;236
513;Pansear;;50;53;48;53;48;64;5;False;151
514;Simisear;;75;98;63;98;63;101;5;False;236
515;Panpour;;50;53;48;53;48;64;5;False;151
516;Simipour;;75;98;63;98;63;101;5;False;236
517;Munna;;76;25;45;67;55;24;5;False;146
518;Musharna;;116;55;85;107;95;29;5;False;256
519;Pidove;Flying;50;55;50;36;30;43;5;False;155
520;Tranquill;Flying;62;77;62;50;42;65;5;False;201
521;Unfezant;Flying;80;115;80;65;55;93;5;False;275
522;Blitzle;;45;60;32;50;32;76;5;False;137
523;Zebstrika;;75;100;63;80;63;116;5;False;238
524;Roggenrola;;55;75;85;25;25;15;5;False;215
525;Boldore;;70;105;105;50;40;20;5;False;280
526;Gigalith;;85;135;130;60;80;25;5;False;350
527;Woobat;Flying;55;45;43;55;43;72;5;False;143
528;Swoobat;Flying;67;57;55;77;55;114;5;False;179
529;Drilbur;;60;85;40;30;45;68;5;False;185
530;Excadrill;Steel;110;135;60;50;65;88;5;False;305
531;Audino;;103;60;86;60;86;50;5;False;249
531;AudinoMega Audino;Fairy;103;60;126;80;126;50;5;False;289
532;Timburr;;75;80;55;25;35;35;5;False;210
533;Gurdurr;;85;105;85;40;50;40;5;False;275
534;Conkeldurr;;105;140;95;55;65;45;5;False;340
535;Tympole;;50;50;40;50;40;64;5;False;140
536;Palpitoad;Ground;75;65;55;65;55;69;5;False;195
537;Seismitoad;Ground;105;95;75;85;75;74;5;False;275
538;Throh;;120;100;85;30;85;45;5;False;305
539;Sawk;;75;125;75;30;75;85;5;False;275
540;Sewaddle;Grass;45;53;70;40;60;42;5;False;168
541;Swadloon;Grass;55;63;90;50;80;42;5;False;208
542;Leavanny;Grass;75;103;80;70;80;92;5;False;258
543;Venipede;Poison;30;45;59;30;39;57;5;False;134
544;Whirlipede;Poison;40;55;99;40;79;47;5;False;194
545;Scolipede;Poison;60;100;89;55;69;112;5;False;249
546;Cottonee;Fairy;40;27;60;37;50;66;5;False;127
547;Whimsicott;Fairy;60;67;85;77;75;116;5;False;212
548;Petilil;;45;35;50;70;50;30;5;False;130
549;Lilligant;;70;60;75;110;75;90;5;False;205
550;Basculin;;70;92;65;80;55;98;5;False;227
551;Sandile;Dark;50;72;35;35;35;65;5;False;157
552;Krokorok;Dark;60;82;45;45;45;74;5;False;187
553;Krookodile;Dark;95;117;80;65;70;92;5;False;292
554;Darumaka;;70;90;45;15;45;50;5;False;205
555;DarmanitanStandard Mode;;105;140;55;30;55;95;5;False;300
555;DarmanitanZen Mode;Psychic;105;30;105;140;105;55;5;False;240
556;Maractus;;75;86;67;106;67;60;5;False;228
557;Dwebble;Rock;50;65;85;35;35;55;5;False;200
558;Crustle;Rock;70;95;125;65;75;45;5;False;290
559;Scraggy;Fighting;50;75;70;35;70;48;5;False;195
560;Scrafty;Fighting;65;90;115;45;115;58;5;False;270
561;Sigilyph;Flying;72;58;80;103;80;97;5;False;210
562;Yamask;;38;30;85;55;65;30;5;False;153
563;Cofagrigus;;58;50;145;95;105;30;5;False;253
564;Tirtouga;Rock;54;78;103;53;45;22;5;False;235
565;Carracosta;Rock;74;108;133;83;65;32;5;False;315
566;Archen;Flying;55;112;45;74;45;70;5;False;212
567;Archeops;Flying;75;140;65;112;65;110;5;False;280
568;Trubbish;;50;50;62;40;62;65;5;False;162
569;Garbodor;;80;95;82;60;82;75;5;False;257
570;Zorua;;40;65;40;80;40;65;5;False;145
571;Zoroark;;60;105;60;120;60;105;5;False;225
572;Minccino;;55;50;40;40;40;75;5;False;145
573;Cinccino;;75;95;60;65;60;115;5;False;230
574;Gothita;;45;30;50;55;65;45;5;False;125
575;Gothorita;;60;45;70;75;85;55;5;False;175
576;Gothitelle;;70;55;95;95;110;65;5;False;220
577;Solosis;;45;30;40;105;50;20;5;False;115
578;Duosion;;65;40;50;125;60;30;5;False;155
579;Reuniclus;;110;65;75;125;85;30;5;False;250
580;Ducklett;Flying;62;44;50;44;50;55;5;False;156
581;Swanna;Flying;75;87;63;87;63;98;5;False;225
582;Vanillite;;36;50;50;65;60;44;5;False;136
583;Vanillish;;51;65;65;80;75;59;5;False;181
584;Vanilluxe;;71;95;85;110;95;79;5;False;251
585;Deerling;Grass;60;60;50;40;50;75;5;False;170
586;Sawsbuck;Grass;80;100;70;60;70;95;5;False;250
587;Emolga;Flying;55;75;60;75;60;103;5;False;190
588;Karrablast;;50;75;45;40;45;60;5;False;170
589;Escavalier;Steel;70;135;105;60;105;20;5;False;310
590;Foongus;Poison;69;55;45;55;55;15;5;False;169
591;Amoonguss;Poison;114;85;70;85;80;30;5;False;269
592;Frillish;Ghost;55;40;50;65;85;40;5;False;145
593;Jellicent;Ghost;100;60;70;85;105;60;5;False;230
594;Alomomola;;165;75;80;40;45;65;5;False;320
595;Joltik;Electric;50;47;50;57;50;65;5;False;147
596;Galvantula;Electric;70;77;60;97;60;108;5;False;207
597;Ferroseed;Steel;44;50;91;24;86;10;5;False;185
598;Ferrothorn;Steel;74;94;131;54;116;20;5;False;299
599;Klink;;40;55;70;45;60;30;5;False;165
600;Klang;;60;80;95;70;85;50;5;False;235
601;Klinklang;;60;100;115;70;85;90;5;False;275
602;Tynamo;;35;55;40;45;40;60;5;False;130
603;Eelektrik;;65;85;70;75;70;40;5;False;220
604;Eelektross;;85;115;80;105;80;50;5;False;280
605;Elgyem;;55;55;55;85;55;30;5;False;165
606;Beheeyem;;75;75;75;125;95;40;5;False;225
607;Litwick;Fire;50;30;55;65;55;20;5;False;135
608;Lampent;Fire;60;40;60;95;60;55;5;False;160
609;Chandelure;Fire;60;55;90;145;90;80;5;False;205
610;Axew;;46;87;60;30;40;57;5;False;193
611;Fraxure;;66;117;70;40;50;67;5;False;253
612;Haxorus;;76;147;90;60;70;97;5;False;313
613;Cubchoo;;55;70;40;60;40;40;5;False;165
614;Beartic;;95;110;80;70;80;50;5;False;285
615;Cryogonal;;70;50;30;95;135;105;5;False;150
616;Shelmet;;50;40;85;40;65;25;5;False;175
617;Accelgor;;80;70;40;100;60;145;5;False;190
618;Stunfisk;Electric;109;66;84;81;99;32;5;False;259
619;Mienfoo;;45;85;50;55;50;65;5;False;180
620;Mienshao;;65;125;60;95;60;105;5;False;250
621;Druddigon;;77;120;90;60;90;48;5;False;287
622;Golett;Ghost;59;74;50;35;50;35;5;False;183
623;Golurk;Ghost;89;124;80;55;80;55;5;False;293
624;Pawniard;Steel;45;85;70;40;40;60;5;False;200
625;Bisharp;Steel;65;125;100;60;70;70;5;False;290
626;Bouffalant;;95;110;95;40;95;55;5;False;300
627;Rufflet;Flying;70;83;50;37;50;60;5;False;203
628;Braviary;Flying;100;123;75;57;75;80;5;False;298
629;Vullaby;Flying;70;55;75;45;65;60;5;False;200
630;Mandibuzz;Flying;110;65;105;55;95;80;5;False;280
631;Heatmor;;85;97;66;105;66;65;5;False;248
632;Durant;Steel;58;109;112;48;48;109;5;False;279
633;Deino;Dragon;52;65;50;45;50;38;5;False;167
634;Zweilous;Dragon;72;85;70;65;70;58;5;False;227
635;Hydreigon;Dragon;92;105;90;125;90;98;5;False;287
636;Larvesta;Fire;55;85;55;50;55;60;5;False;195
637;Volcarona;Fire;85;60;65;135;105;100;5;False;210
638;Cobalion;Fighting;91;90;129;90;72;108;5;True;310
639;Terrakion;Fighting;91;129;90;72;90;108;5;True;310
640;Virizion;Fighting;91;90;72;90;129;108;5;True;253
641;TornadusIncarnate Forme;;79;115;70;125;80;111;5;True;264
641;TornadusTherian Forme;;79;100;80;110;90;121;5;True;259
642;ThundurusIncarnate Forme;Flying;79;115;70;125;80;111;5;True;264
642;ThundurusTherian Forme;Flying;79;105;70;145;80;101;5;True;254
643;Reshiram;Fire;100;120;100;150;120;90;5;True;320
644;Zekrom;Electric;100;150;120;120;100;90;5;True;370
645;LandorusIncarnate Forme;Flying;89;125;90;115;80;101;5;True;304
645;LandorusTherian Forme;Flying;89;145;90;105;80;91;5;True;324
646;Kyurem;Ice;125;130;90;130;90;95;5;True;345
646;KyuremBlack Kyurem;Ice;125;170;100;120;90;95;5;True;395
646;KyuremWhite Kyurem;Ice;125;120;90;170;100;95;5;True;335
647;KeldeoOrdinary Forme;Fighting;91;72;90;129;90;108;5;False;253
647;KeldeoResolute Forme;Fighting;91;72;90;129;90;108;5;False;253
648;MeloettaAria Forme;Psychic;100;77;77;128;128;90;5;False;254
648;MeloettaPirouette Forme;Fighting;100;128;90;77;77;128;5;False;318
649;Genesect;Steel;71;120;95;120;95;99;5;False;286
650;Chespin;;56;61;65;48;45;38;6;False;182
651;Quilladin;;61;78;95;56;58;57;6;False;234
652;Chesnaught;Fighting;88;107;122;74;75;64;6;False;317
653;Fennekin;;40;45;40;62;60;60;6;False;125
654;Braixen;;59;59;58;90;70;73;6;False;176
655;Delphox;Psychic;75;69;72;114;100;104;6;False;216
656;Froakie;;41;56;40;62;44;71;6;False;137
657;Frogadier;;54;63;52;83;56;97;6;False;169
658;Greninja;Dark;72;95;67;103;71;122;6;False;234
659;Bunnelby;;38;36;38;32;36;57;6;False;112
660;Diggersby;Ground;85;56;77;50;77;78;6;False;218
661;Fletchling;Flying;45;50;43;40;38;62;6;False;138
662;Fletchinder;Flying;62;73;55;56;52;84;6;False;190
663;Talonflame;Flying;78;81;71;74;69;126;6;False;230
664;Scatterbug;;38;35;40;27;25;35;6;False;113
665;Spewpa;;45;22;60;27;30;29;6;False;127
666;Vivillon;Flying;80;52;50;90;50;89;6;False;182
667;Litleo;Normal;62;50;58;73;54;72;6;False;170
668;Pyroar;Normal;86;68;72;109;66;106;6;False;226
669;Flabébé;;44;38;39;61;79;42;6;False;121
670;Floette;;54;45;47;75;98;52;6;False;146
671;Florges;;78;65;68;112;154;75;6;False;211
672;Skiddo;;66;65;48;62;57;52;6;False;179
673;Gogoat;;123;100;62;97;81;68;6;False;285
674;Pancham;;67;82;62;46;48;43;6;False;211
675;Pangoro;Dark;95;124;78;69;71;58;6;False;297
676;Furfrou;;75;80;60;65;90;102;6;False;215
677;Espurr;;62;48;54;63;60;68;6;False;164
678;MeowsticMale;;74;48;76;83;81;104;6;False;198
678;MeowsticFemale;;74;48;76;83;81;104;6;False;198
679;Honedge;Ghost;45;80;100;35;37;28;6;False;225
680;Doublade;Ghost;59;110;150;45;49;35;6;False;319
681;AegislashBlade Forme;Ghost;60;150;50;150;50;60;6;False;260
681;AegislashShield Forme;Ghost;60;50;150;50;150;60;6;False;260
682;Spritzee;;78;52;60;63;65;23;6;False;190
683;Aromatisse;;101;72;72;99;89;29;6;False;245
684;Swirlix;;62;48;66;59;57;49;6;False;176
685;Slurpuff;;82;80;86;85;75;72;6;False;248
686;Inkay;Psychic;53;54;53;37;46;45;6;False;160
687;Malamar;Psychic;86;92;88;68;75;73;6;False;266
688;Binacle;Water;42;52;67;39;56;50;6;False;161
689;Barbaracle;Water;72;105;115;54;86;68;6;False;292
690;Skrelp;Water;50;60;60;60;60;30;6;False;170
691;Dragalge;Dragon;65;75;90;97;123;44;6;False;230
692;Clauncher;;50;53;62;58;63;44;6;False;165
693;Clawitzer;;71;73;88;120;89;59;6;False;232
694;Helioptile;Normal;44;38;33;61;43;70;6;False;115
695;Heliolisk;Normal;62;55;52;109;94;109;6;False;169
696;Tyrunt;Dragon;58;89;77;45;45;48;6;False;224
697;Tyrantrum;Dragon;82;121;119;69;59;71;6;False;322
698;Amaura;Ice;77;59;50;67;63;46;6;False;186
699;Aurorus;Ice;123;77;72;99;92;58;6;False;272
700;Sylveon;;95;65;65;110;130;60;6;False;225
701;Hawlucha;Flying;78;92;75;74;63;118;6;False;245
702;Dedenne;Fairy;67;58;57;81;67;101;6;False;182
703;Carbink;Fairy;50;50;150;50;150;50;6;False;250
704;Goomy;;45;50;35;55;75;40;6;False;130
705;Sliggoo;;68;75;53;83;113;60;6;False;196
706;Goodra;;90;100;70;110;150;80;6;False;260
707;Klefki;Fairy;57;80;91;80;87;75;6;False;228
708;Phantump;Grass;43;70;48;50;60;38;6;False;161
709;Trevenant;Grass;85;110;76;65;82;56;6;False;271
710;PumpkabooAverage Size;Grass;49;66;70;44;55;51;6;False;185
710;PumpkabooSmall Size;Grass;44;66;70;44;55;56;6;False;180
710;PumpkabooLarge Size;Grass;54;66;70;44;55;46;6;False;190
710;PumpkabooSuper Size;Grass;59;66;70;44;55;41;6;False;195
711;GourgeistAverage Size;Grass;65;90;122;58;75;84;6;False;277
711;GourgeistSmall Size;Grass;55;85;122;58;75;99;6;False;262
711;GourgeistLarge Size;Grass;75;95;122;58;75;69;6;False;292
711;GourgeistSuper Size;Grass;85;100;122;58;75;54;6;False;307
712;Bergmite;;55;69;85;32;35;28;6;False;209
713;Avalugg;;95;117;184;44;46;28;6;False;396
714;Noibat;Dragon;40;30;35;45;40;55;6;False;105
715;Noivern;Dragon;85;70;80;97;80;123;6;False;235
716;Xerneas;;126;131;95;131;98;99;6;True;352
717;Yveltal;Flying;126;131;95;131;98;99;6;True;352
718;Zygarde50% Forme;Ground;108;100;121;81;95;95;6;True;329
719;Diancie;Fairy;50;100;150;100;150;50;6;True;300
719;DiancieMega Diancie;Fairy;50;160;110;160;110;110;6;True;320
720;HoopaHoopa Confined;Ghost;80;110;60;150;130;70;6;True;250
720;HoopaHoopa Unbound;Dark;80;160;60;170;130;80;6;True;300
721;Volcanion;Water;80;110;120;130;90;70;6;True;310
